date,id,content,username,like_Count,retweet_Count
2022-12-15 05:47:19+00:00,1603265424224821248,US Senate passes bill to ban TikTok on government-owned devices https://t.co/43Le2j7h6N #3Novices #Meghashyam Thiruveedula #Data Science #Machine Learning,3novices,0,0
2022-12-15 05:47:18+00:00,1603265422689722373,Shallow 6.2-magnitude earthquake jolts Taiwan https://t.co/3564zDd8Ea #3Novices #Meghashyam Thiruveedula #Data Science #Machine Learning,3novices,0,0
2022-12-15 05:37:52+00:00,1603263047241326592,"What is Machine Learning ? 

Machine learning is a branch of artificial intelligence (AI) and computer science which focuses on using data and algorithms to simulate the way that humans learn.

#DigiTech #machinelearning #learn #algorithms #artificialintelligence #ai #data https://t.co/PIOjxCG3MN",DigiTech_Inf0,0,0
2022-12-15 03:49:35+00:00,1603235797414600704,"#COP15: A #Global summit to safeguard nature ...

-- Science | : https://t.co/RVkbSAe9B7.

#000 #Africa #Aging #Amp #Animals #Barrier #Billion #Biodiversity #Biology #Board #Canada #CarbonDioxide #China #ClimateChange #Conference #ConventionOnBiologicalDiversity #Data ... https://t.co/4eZ2HnEUPX",MrMarchi,0,0
2022-12-15 03:49:27+00:00,1603235765194002432,"Peru declares state of emergency, seeks 18-months jail for Castillo https://t.co/8p6xnIy7Op #3Novices #Meghashyam Thiruveedula #Data Science #Machine Learning",3novices,0,0
2022-12-15 03:49:27+00:00,1603235762236964864,WHO chief asks China to share data to probe origins of Covid-19 https://t.co/AHloUrzi2z #3Novices #Meghashyam Thiruveedula #Data Science #Machine Learning,3novices,0,0
2022-12-15 03:49:22+00:00,1603235742423064579,"#COP15: A #Global summit to safeguard nature ...

-- Science | : https://t.co/GiOgUUB4Va.

#000 #Africa #Aging #Amp #Animals #Barrier #Billion #Biodiversity #Biology #Board #Canada #CarbonDioxide #China #ClimateChange #Conference #ConventionOnBiologicalDiversity #Data ... https://t.co/4IDKo5lfY1",MrSkanner,0,0
2022-12-15 03:37:20+00:00,1603232712902742017,"05 Best Data Science Tools for Beginners and Pros [2023]
üîó https://t.co/qJavmYCZB3

#Data #DataScience #DataAnalytics #DataScientists #programming #Coding #codinglife",codeX63825404,1,1
2022-12-15 03:01:28+00:00,1603223687603408897,No Christmas ceasefire in Ukraine: Russia https://t.co/UoiIrY3q4U #3Novices #Meghashyam Thiruveedula #Data Science #Machine Learning,3novices,0,0
2022-12-15 02:55:53+00:00,1603222283295801344,"Interested in Data Science? This course will teach you the fundamentals of data science using the R language. You'll be learning about data wrangling, visualizations, and machine learning! https://t.co/oeRIJzdEBa #rstat #rladies #datascience #machinelearning #data https://t.co/tXkT3lbDa2",TheNewStat1,0,0
2022-12-15 02:27:30+00:00,1603215140597506048,https://t.co/u79PByQsz5 #Health #HealthyLiving #Tea #Benefits #science #Data #Varieties #herb #naturalhealth #FoodIsMedicine,RoryTDC,0,0
2022-12-15 02:27:03+00:00,1603215025405140994,"#FEATURED #COURSES

Machine Learning, Data Science and Deep Learning with Python

Complete hands-on #machine #learning tutorial with #data #science, #Tensorflow, #artificial #intelligence, and neural networks

https://t.co/PaHDf4fIL2

#python #100daysofcode #coding #udemy https://t.co/y9bm7U06Bi",byLilyV,0,0
2022-12-15 01:50:06+00:00,1603205726821916672,"#Christmas for #data lovers! 
Shop now üëá
https://t.co/MBnL3FiKEu 

#Science #Engineering #DataScientist #researcher #Analytics #giftideas #Mugs #office #holiday #dad #humor https://t.co/f9s2bSv2zd",STEMsavvyMentor,0,0
2022-12-15 00:34:45+00:00,1603186765690720256,Thank you Deloitte for recognizing the progress made by the SleepScore Labs Team on our mission to help hundreds of millions of people to #sleep better leveraging #data &amp; #science #thankyou #deloitte https://t.co/D1NMDlTIdZ,ColinJLawlor,0,0
2022-12-15 00:33:07+00:00,1603186356418760706,"Talk #data to me
#Christmas for #DataScientist 
Makes for great team #Gift 

Shop now for #giftideas üëá
https://t.co/MBnL3FiKEu 

#biology #Physics #Math #Science #Engineering #Statistics #CHEMISTRY #technology #DataSecurity #leadership https://t.co/hEh27pG2Ee",STEMsavvyMentor,0,2
2022-12-15 00:30:50+00:00,1603185782214230017,Data breaches you must prepare for before 2023¬† | Data Science Dojo #data #DataBreaches  https://t.co/aqqBa03M9Y,JOSEPEREZJR01,1,0
2022-12-15 00:28:02+00:00,1603185077575360513,"#FEATURED #COURSES

Machine Learning, Data Science and Deep Learning with Python

Complete hands-on #machine #learning tutorial with #data #science, #Tensorflow, #artificial #intelligence, and neural networks

https://t.co/PaHDf4fIL2

#python #100daysofcode #coding #udemy https://t.co/USf4Qk8zZs",byLilyV,0,0
2022-12-14 23:40:03+00:00,1603172999947067396,"#cybermonday2022 |  Colors for Data Science A-Z: Data Visualization Color Theory in 2022 (Udemy)

https://t.co/OiEif9IN4G

#JADirectives #Udemy #datascience #data #machinelearning #datavisualization #artificialintelligence #python #DataAnalytics #SQL #BigData #Analytics #AI",Jadirectivestwt,0,0
2022-12-14 22:47:00+00:00,1603159648881680384,"#Science and #art are very different disciplines, but #datascience marries the two subjects with #data visualizations! Learn more about how #dataviz effectively teaches data science with art: https://t.co/tLKuvDxiLF",ThisisStats,4,0
2022-12-14 22:41:57+00:00,1603158378502561792,"Dark Photons Could Be #Heating up the #Universe

-- Science | The Digital Insider: https://t.co/61dwulDqsB.

#Chemistry #Data #Effects #Email #Energy #Framework #HTML #Ideas #It #NASA #Outline #Physics #Rotation #Science #Space #Stars https://t.co/Rp8bsDI7PW",MrSkanner,1,0
2022-12-14 22:41:38+00:00,1603158299330969602,"Dark Photons Could Be #Heating up the #Universe

-- Science | The Digital Insider: https://t.co/4OMec91Qcg.

#Chemistry #Data #Effects #Email #Energy #Framework #HTML #Ideas #It #NASA #Outline #Physics #Rotation #Science #Space #Stars https://t.co/qKuM1AMv4j",MrMarchi,0,0
2022-12-14 22:30:32+00:00,1603155504544747521,".@sejdevries presenting the keynote on the culture and community of open science @AllenInstitute showcase

#data #tools #community #knowledge https://t.co/Jg0gpVkXHP",2queues,19,3
2022-12-14 22:28:04+00:00,1603154885125578754,"#FEATURED #COURSES

Machine Learning, Data Science and Deep Learning with Python

Complete hands-on #machine #learning tutorial with #data #science, #Tensorflow, #artificial #intelligence, and neural networks

https://t.co/PaHDf4fIL2

#python #100daysofcode #coding #udemy https://t.co/nUAv5y7U5T",byLilyV,2,1
2022-12-14 21:00:06+00:00,1603132746762620928,"üéôÔ∏èNEW PODCAST EPISODE

This week on the Data Futurology podcast we speak to Sanchit Juneja, the Director of Data Science and Machine Learning @Booking.com
 
üîä Listen to the full episode here: https://t.co/RlvUniVcD7

#podcast #datafuturologypodcast #data #product https://t.co/NUscDNygWT",datafuturology,1,1
2022-12-14 20:28:04+00:00,1603124684647956480,"#FEATURED #COURSES

Machine Learning, Data Science and Deep Learning with Python

Complete hands-on #machine #learning tutorial with #data #science, #Tensorflow, #artificial #intelligence, and neural networks

https://t.co/PaHDf4ggAA

#python #100daysofcode #coding #udemy https://t.co/bVSOceLCXU",byLilyV,2,1
2022-12-14 19:55:33+00:00,1603116501673836544,Court admits plea seeking Imran Khan's disqualification for 'hiding' daughter https://t.co/TEJzxmPy30 #3Novices #Meghashyam Thiruveedula #Data Science #Machine Learning,3novices,0,0
2022-12-14 19:45:15+00:00,1603113912043454466,"Our country is in severe difficulties, and I hope that my solidly ephemeral conclusions, backed by all the most solid #data that #political #science can offer, have lifted you to a higher level of understanding.",oa_robinson,1,0
2022-12-14 19:32:46+00:00,1603110771239813120,"After 70,000 Hours of Viewing Minecraft, OpenAI's Bot is Ready to Play (Medium)

A new player is ready as a bot from OpenAI has watched 70,000 hours of players on Minecraft ...

Add your highlights:
https://t.co/K1Z820B6dK
 #data #science #dat...",DataScience_b,0,1
2022-12-14 19:06:04+00:00,1603104048588025856,"#Infographic: Data Science Process! via @ingliguori

cc: @antgrasso @KirkDBorne @mvollmer1

#Data #DataScience #BigData #Analytics #AI #Python #CloudComputing #DataScientist #Programming #DigitalTransformation #Cloud #MachineLearning #ArtificialIntelligence https://t.co/RE8EWuhjQ9",EnFuseSolution,7,3
2022-12-14 19:04:30+00:00,1603103657955799040,"If you can't trust the data, then what can you trust?

#data #science https://t.co/4yJzPeL9bR",CupkovicDan,0,0
2022-12-14 18:33:44+00:00,1603095913458712577,"Python pour la Data Science¬†: Numpy, Pandas et Matplotlib  
3 hours | 10722 students  | June 2022 release 

üÜì LINK =&gt; https://t.co/vgYSuBC2pR 

#Udemy #Python #Data #Science https://t.co/qDK51S9YJS",comidoc,0,0
2022-12-14 18:28:06+00:00,1603094494408314881,"#FEATURED #COURSES

Machine Learning, Data Science and Deep Learning with Python

Complete hands-on #machine #learning tutorial with #data #science, #Tensorflow, #artificial #intelligence, and neural networks

https://t.co/PaHDf4fIL2

#python #100daysofcode #coding #udemy https://t.co/nMQFOGtumF",byLilyV,2,1
2022-12-14 18:02:35+00:00,1603088073771958274,"Deep Learning avec Python: La Formation Compl√®te  
4.5 hours | 12126 students  | August 2022 release 

üÜì LINK =&gt; https://t.co/YrPxOtrm0D 

#Udemy #Aprendizaje #autom√°tico #Deep #Learning #Data #Science https://t.co/GJ6NmTUFV2",comidoc,0,0
2022-12-14 18:01:36+00:00,1603087828287885313,"Meet Sparsh, our data and analytics intern. 

Sparsh combines his love of technology and data science to help make workplaces safer. Glad to have you as part of our team, Sparsh! 

#workplacewednesday #sofvie #data #analytics https://t.co/bE7Hw5uhLo",SofvieInc,1,0
2022-12-14 17:33:05+00:00,1603080650105528322,How I Tripled My Income With Data Science in 18 Months via/kdnuggets #datascience #AI #ML #data #BigData https://t.co/j1OIbtXLKu,dataclaudius,0,0
2022-12-14 17:13:02+00:00,1603075604076810241,"Here are examples of how different industries can use data science ‚Äì https://t.co/OIGYQJOncc

#datascience #novigosolutions #data #industries #supplychain #analytics",NovigoSolutions,1,0
2022-12-14 16:56:29+00:00,1603071441641082881,"R Programming - Desde cero + An√°lisis de datos  
8 hours | 2830 students  | November 2022 release 

üÜì LINK =&gt; https://t.co/WHAuuKKD3Z 

#Udemy #Data #Analysis #Science #R #Statistics https://t.co/RTZyI1p2a5",comidoc,0,0
2022-12-14 16:55:50+00:00,1603071276570009601,"R Programming: Desde cero para Data Science  
4 hours | 9533 students  | November 2022 release 

üÜì LINK =&gt; https://t.co/J0NXevQ4Pg 

#Udemy #Data #Science #R https://t.co/uEWr4NYf79",comidoc,0,0
2022-12-14 16:55:45+00:00,1603071253618753545,"Power BI Bootcamp: De cero a avanzado. ¬°3 Cursos en 1!  
12 hours | 10690 students  | November 2022 release 

üÜì LINK =&gt; https://t.co/nIb4ZsGjdJ 

#Udemy #Microsoft #Power #BI #Data #Science #Business #Intelligence #DAX https://t.co/Xav7zw6ER7",comidoc,0,0
2022-12-14 16:54:25+00:00,1603070921316737025,"R desde cero: El curso m√°s poderoso de 2021  
6.5 hours | 72866 students  | May 2022 release 

üÜì LINK =&gt; https://t.co/kQttiuGHzy 

#Udemy #Data #Science #R #Statistics #Mining https://t.co/0Pw6zzbr33",comidoc,0,0
2022-12-14 16:53:36+00:00,1603070714155769857,"Comienza con R ¬°A√±ade valor a tu CV en 2 horas!  
1.5 hours | 73484 students  | May 2022 release 

üÜì LINK =&gt; https://t.co/Zmj7h2yiTz 

#Udemy #Data #Science #R #Statistics #Mining https://t.co/Mpe9FidD5A",comidoc,0,0
2022-12-14 16:33:17+00:00,1603065602364641280,RT @drdustinduncan: Interested in using #data #science approaches to study neighborhoods and health? Consider attending my first talk of 2023 at the University of Toronto @UofT @UofTDSI on January 27th 2023 (options include virtual and/or in person): https://t.co/AUOWJqi9gp,d4hio,1,0
2022-12-14 16:32:34+00:00,1603065418972860416,"Have you seen the December NSDC newsletter? Read on for upcoming #NSDC events &amp; opportunities for #datascience #students. 

Newsletter: https://t.co/8Mllp5FMsP 
Subscribe: https://t.co/lLNMMWsMLa 

#data #STEM #science #computerscience #education #news https://t.co/gkvVmG49xi",data_corps,1,0
2022-12-14 16:28:03+00:00,1603064283599872001,"#FEATURED #COURSES

Machine Learning, Data Science and Deep Learning with Python

Complete hands-on #machine #learning tutorial with #data #science, #Tensorflow, #artificial #intelligence, and neural networks

https://t.co/PaHDf4fIL2

#python #100daysofcode #coding #udemy https://t.co/IK4VtEG9h6",byLilyV,4,2
2022-12-14 16:10:44+00:00,1603059924518727680,"A Recap of Our Interview with Kay Firth-Butterfield on AI Governance (Medium)

As newer fields emerge within data science and the research is still hard to grasp, sometime...

Add your highlights:
https://t.co/g2rBozwpzC
 #data #science #dat...",DataScience_b,0,0
2022-12-14 16:00:03+00:00,1603057235885801474,"How has Data Science made #finance departments more efficient?

‚û°Ô∏è #DataScience lets us use #data to make better #business decisions.

‚û°Ô∏è Transform the decision-making process so that it's based on concrete insights rather than speculation.

Need more info? Read this article üëá",shapelets,0,2
2022-12-14 15:41:21+00:00,1603052532305199105,"A New Scientific Study Shows That Money ...

-- Science | : https://t.co/DBbrGFQegN.

#000 #Accessibility #Article #Canada #CultureSociety #Data #Details #Development #Education #Effects #Experienced #Factor #Financial #Food #HumanHealth #It #Medicine #One #Pdf #Research ... https://t.co/FKoUKuhPMA",MrMarchi,0,0
2022-12-14 15:40:25+00:00,1603052297768034306,"A New Scientific Study Shows That Money ...

-- Science | : https://t.co/RlRqJ3ZWQl.

#000 #Accessibility #Article #Canada #CultureSociety #Data #Details #Development #Education #Effects #Experienced #Factor #Financial #Food #HumanHealth #It #Medicine #One #Pdf #Research ... https://t.co/x14ionBi1y",MrSkanner,0,0
2022-12-14 15:32:32+00:00,1603050311152705540,"In the 2nd post of our DISCOVERING DATA SCIENCE BLOG SERIES, we demonstrate the power of data science for communities to address resource allocation, forecasting, and decision-making challenges via three real-life examples. 
https://t.co/SadJphk0h3 #datascience #smartcity #data",US_Ignite,0,3
2022-12-14 15:19:22+00:00,1603046997644251136,"This new #blog highlights @Medidata Link, the world‚Äôs 1st comprehensive #data-linkage solution, &amp; what its 2022 Innovations in Regulatory Science Award win from @reaganudall means for the future of #LifeSciences. Read more: https://t.co/LAOqqNAfnf https://t.co/sYqOEeSwNo",StuartRoeves,0,0
2022-12-14 15:02:06+00:00,1603042652856918022,Analytics and data science talent leverage cutting-edge methodologies to drive revenue. Looking for your next Data Science recruiter? Our team of recruiters can streamline your search. Let‚Äôs talk. #BrainWorks #Data #Science #Analytics #recruiting... https://t.co/cAx9oJegqx https://t.co/BsdKXv4I3s,BrainWorks,1,0
2022-12-14 14:58:06+00:00,1603041646819823617,"What do you think? üòé
#DataAnalyst #Skills #Data #Science #Tech #Coding https://t.co/JFR9dVx3jM",Future_T_org,1,1
2022-12-14 14:58:04+00:00,1603041640368701441,Interested in using #data #science approaches to study neighborhoods and health? Consider attending my first talk of 2023 at the University of Toronto @UofT @UofTDSI on January 27th 2023 (options include virtual and/or in person): https://t.co/tY4avXV7M3,drdustinduncan,16,4
2022-12-14 14:55:53+00:00,1603041088205246464,"Learning Tree offers a Data Science Training course. This will teach you how to recognize patterns, create algorithms, and use the latest in tools and resources. You'll become an expert in Python, too! https://t.co/XORgvyIIO4 #python #datascience #machineLearning #AI #data https://t.co/o9sL0OzMnx",TheNewStat1,0,0
2022-12-14 14:52:44+00:00,1603040295389732864,"China removes six officials after Manchester consulate incident, UK says https://t.co/4jPpMB1Cll #3Novices #Meghashyam Thiruveedula #Data Science #Machine Learning",3novices,0,0
2022-12-14 14:52:43+00:00,1603040293284093952,3 killed in explosion north of Baghdad: Iraq's military https://t.co/BsVxw9s7wc #3Novices #Meghashyam Thiruveedula #Data Science #Machine Learning,3novices,0,0
2022-12-14 14:28:03+00:00,1603034084346937345,"#FEATURED #COURSES

Machine Learning, Data Science and Deep Learning with Python

Complete hands-on #machine #learning tutorial with #data #science, #Tensorflow, #artificial #intelligence, and neural networks

https://t.co/PaHDf4fIL2

#python #100daysofcode #coding #udemy https://t.co/pwfcDXmQL7",byLilyV,2,1
2022-12-14 13:46:32+00:00,1603023637765931008,EU parliament sacks vice president charged in Qatar bribe probe https://t.co/C6A2o4QMWG #3Novices #Meghashyam Thiruveedula #Data Science #Machine Learning,3novices,0,0
2022-12-14 13:44:06+00:00,1603023023669403649,"100 Days of Code: Data Scientist Challenge 2022  
1.5 hours | 8193 students  | August 2022 release 

üÜì LINK =&gt; https://t.co/PV90j7hB2h 

#Udemy #Python #Aprendizaje #autom√°tico #Data #Analysis #Science https://t.co/Cv4McHal0V",comidoc,0,0
2022-12-14 13:10:25+00:00,1603014546574217216,. @DHSgov recruits senior product managers &amp; human-centered designers as well as software engineering &amp; #data science experts for #CX initiative. https://t.co/ru6McUpHOU @JmillerWFED @AFFIRMtweets @RealBillPratt @FedInsider,PegHosky,0,1
2022-12-14 13:04:45+00:00,1603013122448662528,"‚Äúinteroperability‚Äù, ‚Äúreimagining healthcare,‚Äù and #data science"" - find out the actual meaning of these #healthcare buzzwords

https://t.co/ZLp0fknGSA",ItirraSeattle,0,0
2022-12-14 12:59:02+00:00,1603011684658196481,"R for Data Science - Part 1 (English)
https://t.co/bKuPPaNpS5
#research #DataScience #MachineLearning #data #Rstats #Python #100DaysOfCode #coding #udemyfree #Java #javascript #Developers #DeepLearning #Analytics",themis277,0,0
2022-12-14 12:58:46+00:00,1603011614709612552,"R for Data Science - Part 1 (ARABIC)
https://t.co/nwSs6JdJNZ
#research #DataScience #MachineLearning #data #Rstats #Python #100DaysOfCode #coding #udemyfree #Java #javascript #Developers #DeepLearning #Analytics",themis277,0,0
2022-12-14 12:58:36+00:00,1603011574389669889,"Introduction to Data Science for Complete Beginners
https://t.co/rAB3M2JV85
#research #DataScience #MachineLearning #data #Rstats #Python #100DaysOfCode #coding #udemyfree #Java #javascript #Developers #DeepLearning #Analytics",themis277,1,1
2022-12-14 12:52:40+00:00,1603010079166500867,US military creates space unit in SKorea amid NKorea threats https://t.co/LA2r7TqdH7 #3Novices #Meghashyam Thiruveedula #Data Science #Machine Learning,3novices,0,0
2022-12-14 12:38:00+00:00,1603006390477459457,"üí≠ You need to build the most supportive working environment for your people.

@NatalieCramp, CEO of data science company @prfsn, shares the benefits of transparency in the great talent churn.

https://t.co/JYN0GTCY9M #data #HR #WorkEnvironment #Talent #Productivity",UNLEASHgroup,2,1
2022-12-14 12:30:01+00:00,1603004379400921091,"University of Louisville taps #data science, #AI to help prospective MBA students predict ROI of their degree | https://t.co/Q3quxtjrA1 | #DX",TheEE_io,0,0
2022-12-14 12:28:02+00:00,1603003883374125056,"#FEATURED #COURSES

Machine Learning, Data Science and Deep Learning with Python

Complete hands-on #machine #learning tutorial with #data #science, #Tensorflow, #artificial #intelligence, and neural networks

https://t.co/PaHDf4fIL2

#python #100daysofcode #coding #udemy https://t.co/kcyxEdpEGH",byLilyV,1,1
2022-12-14 12:00:34+00:00,1602996971618406402,"In her second blog in the Data Science made easy series, Esra Simsek explains what hypothesis testing is and the difference between a null or alternative hypothesis.

Check it out here: https://t.co/bexC6CFJwt

#datascience #dataanalysis #dataanalytics #data https://t.co/4yxQBgWxkh",CaJaLtd,0,0
2022-12-14 11:47:14+00:00,1602993613033672704,Roadside bomb kills Iraq army officer https://t.co/atxc8jhKMe #3Novices #Meghashyam Thiruveedula #Data Science #Machine Learning,3novices,0,0
2022-12-14 11:30:00+00:00,1602989277423751168,"23 au 28 avril 2023, @EuroGeosciences nous proposons la session suivante : GI2.3 Data and Information Services for Interdisciplinary Research and Applications in Earth Science. L‚Äôappel √† r√©sum√© ouvert jusqu‚Äôau 10/01, 13h https://t.co/cTVywEGtsR #recherche #data #science #terre",dataterra,1,1
2022-12-14 11:28:08+00:00,1602988807292440579,"This new #blog highlights @Medidata Link, the world‚Äôs 1st comprehensive #data-linkage solution, &amp; what its 2022 Innovations in Regulatory Science Award win from @reaganudall means for the future of #LifeSciences. Read more: https://t.co/iG8YopaNsU https://t.co/ggVkLtmKdU",georgebiski,0,0
2022-12-14 11:23:24+00:00,1602987614424170496,"Learn a fact about data science in a few seconds. 
-
Like, share and follow us for more.

Source:.¬†https://t.co/uQtmctdXto

#datascience #machinelearning #python #artificialintelligence #ai #data #dataanalytics #bigdata #programming  #technology #deeplearning https://t.co/AO1r9tmHoN",TelnetNG,9,6
2022-12-14 10:54:01+00:00,1602980220381847556,"Quantum Computing for Fusion Energy Science Applications

Read-https://t.co/FP1YfaRH4k

#machinelearning #ai #datascience #python #programming #deeplearning #bigdata #tech #data #iot #software #dataanalytics #python #datascientist #ml #robotics #analytics https://t.co/8PWjYwZfEF",shehzensidiq,4,7
2022-12-14 10:49:39+00:00,1602979124133478400,Wickremesinghe holds all-party meeting on 13A for peaceful resolution of Tamil issue https://t.co/XMckBKpE6U #3Novices #Meghashyam Thiruveedula #Data Science #Machine Learning,3novices,0,0
2022-12-14 10:49:39+00:00,1602979122371756032,Ukraine downs swarm of attack drones over Kyiv https://t.co/ikdmJRO3Us #3Novices #Meghashyam Thiruveedula #Data Science #Machine Learning,3novices,0,0
2022-12-14 10:49:38+00:00,1602979120471834624,"Pope says spend less on Christmas, give to Ukraine https://t.co/VP04KPQOlJ #3Novices #Meghashyam Thiruveedula #Data Science #Machine Learning",3novices,0,0
2022-12-14 10:28:04+00:00,1602973690613977089,"#FEATURED #COURSES

Machine Learning, Data Science and Deep Learning with Python

Complete hands-on #machine #learning tutorial with #data #science, #Tensorflow, #artificial #intelligence, and neural networks

https://t.co/PaHDf4fIL2

#python #100daysofcode #coding #udemy https://t.co/ywufFKQqeX",byLilyV,3,2
2022-12-14 10:14:49+00:00,1602970356788363264,"APTRON's Data Science Certification course is all you need to succeed in your Data Science career.
https://t.co/un6sCNwY3a

#DataScience #training #course #institute #datascience #data #dataanalytics #bigdata #datascientist #technology #deeplearning #computerscience https://t.co/2Xyw6VmtjT",Shailen12064866,0,0
2022-12-14 09:20:37+00:00,1602956717091872770,"Nieuwste freelance opdracht op https://t.co/AZXjba8xA7: Cloud Data Science DevOps Engineer, Arnhem. Informatie: https://t.co/fIa8VadCpV #freelance #DevOps #Data Science #Arnhem",FreelappN,0,0
2022-12-14 09:11:48+00:00,1602954497273495553,"In the context of Data &amp; AI Readiness (#DAIR) we share one short talk about #data readiness levels.

The #talk is from the AIAW Podcast episode with Fredrik Olsson, PhD. Head of Data Science, Product Owner at Gavagai &amp; creator of https://t.co/3pDHYFsvzN.

https://t.co/0rYLgcJ1sA",Hyperight_AB,0,0
2022-12-14 08:28:04+00:00,1602943491964796928,"#FEATURED #COURSES

Machine Learning, Data Science and Deep Learning with Python

Complete hands-on #machine #learning tutorial with #data #science, #Tensorflow, #artificial #intelligence, and neural networks

https://t.co/PaHDf4fIL2

#python #100daysofcode #coding #udemy https://t.co/rrWIX8vXiK",byLilyV,3,2
2022-12-14 07:46:35+00:00,1602933054695153667,Drone strikes hit two buildings in Ukraine's capital Kyiv https://t.co/VOfC4oNiLt #3Novices #Meghashyam Thiruveedula #Data Science #Machine Learning,3novices,0,0
2022-12-14 07:21:51+00:00,1602926826938155008,I‚Äôm happy to share that I‚Äôve obtained a new certification: Data Science and Machine  Learning: Making Data-Driven Decisions from MIT Schwarzman College of Computing! #datascience #machinelearning #learning #computing #data #artificialintelligence https://t.co/78HxRcpQUB,Kubai_Koigi,0,0
2022-12-14 06:54:49+00:00,1602920026381713409,"Data Science components

#DataScientist #Programming #Coding #100DaysofCode #SQL #Python #BigData #Analytics #DataScience #AI #MachineLearning #IoT #IIoT #TensorFlow #AI #AINews #sqltrain #SQLServer #Data #Analytics https://t.co/CeX3VTk6hp",holmes_b07,4,3
2022-12-14 06:40:03+00:00,1602916307564896256,"#cybermonday2022 | Best Data Analytics Certification: Tableau 10 A-Z: Hands-On Tableau Training For Data Science in 2022 (Udemy)

https://t.co/o5bY0ccNOR

#JADirectives #Udmey #datascience #data #AI #python #DataAnalytics #SQL #BigData #Analytics #Technology #MachineLearning",Jadirectivestwt,0,1
2022-12-14 06:28:03+00:00,1602913291205869568,"#FEATURED #COURSES

Machine Learning, Data Science and Deep Learning with Python

Complete hands-on #machine #learning tutorial with #data #science, #Tensorflow, #artificial #intelligence, and neural networks

https://t.co/PaHDf3Y7ms

#python #100daysofcode #coding #udemy https://t.co/C3mHRgdBOA",byLilyV,1,0
2022-12-14 05:51:19+00:00,1602904044464488448,Ukraine's latest need: 50 million LED light bulbs to ease power shortfalls https://t.co/u3tkqBXf15 #3Novices #Meghashyam Thiruveedula #Data Science #Machine Learning,3novices,0,0
2022-12-14 05:40:35+00:00,1602901342669807616,"#Datamites is a leading training institute for data science and related courses. DataMites is providing a ‚Äú#certifieddatascientist‚Äù course for data science aspirants.

‚è∫ For more details: https://t.co/GEqroAiLrm

#datascience #BigData #bigdataanalytics #data #deeplearning #cds https://t.co/zIkiUWAzVo",DataMites,2,0
2022-12-14 05:40:02+00:00,1602901207147855875,"#cybermonday2022 | Data Analytics Training: R Programming A-ZÔøΩ: R For Data Science With Real Exercises! in 2022 (Udemy)

https://t.co/ZyVCyN36w7

#JADirectives #Udemy #datascience #data #datavisualization #artificialintelligence #python #DataAnalytics #BigData #MachineLearning",Jadirectivestwt,0,0
2022-12-14 05:18:11+00:00,1602895704799821824,"A Beginner's Guide to Data Science

https://t.co/V5lGmv8zUt

#datascience #dataanalytics #econometrics #machinelearning #algorithms #datamining #data https://t.co/gKguWmNzoe",bhagirathl,1,0
2022-12-14 04:50:43+00:00,1602888794042433537,"#Data #Innovation #Summit #APAC presents you with a stunning list of #speakers to share their industry expertise on [M2] Data Science &amp; ML #Stage.

The event is just a month away. Hurry and book now!

Register Now - https://t.co/W6QNIYdT3f

#dis2030 #apacdis #ml #machinelearning https://t.co/7bX7pVmwh1",apacdis,1,0
2022-12-14 04:01:46+00:00,1602876476449521664,"Unbelievable, I'm booking in sea lice presentations for next year.  Never thought I'd be a presentation guy but #science #data and #facts seem to be important to people.... #wildsalmon #sealice",LanceStewardson,12,0
2022-12-14 03:47:23+00:00,1602872855175348224,China says tracking Covid cases now 'impossible' as infections soar https://t.co/LkrpHfPLZe #3Novices #Meghashyam Thiruveedula #Data Science #Machine Learning,3novices,0,0
2022-12-14 03:47:22+00:00,1602872853199831040,Peru's armed forces to take control of key infrastructure amid protests https://t.co/xB3LxfMsSN #3Novices #Meghashyam Thiruveedula #Data Science #Machine Learning,3novices,0,0
2022-12-14 03:47:22+00:00,1602872851006119940,US plans to send Patriot missiles to Ukraine https://t.co/TpGo5ZPASg #3Novices #Meghashyam Thiruveedula #Data Science #Machine Learning,3novices,0,0
2022-12-14 02:57:30+00:00,1602860301728129026,"#sCiEnCe üôåü§°üòÇ

#jOuRnALiSm #data #statistics https://t.co/Efx4pBZnHi",ChrisJNeedham,0,0
2022-12-14 01:40:02+00:00,1602840809140879360,"#cybermonday2022 | Machine Learning A-ZÔøΩ: Hands-On Python &amp; R In Data Science in 2022 (Udemy)

https://t.co/rlNmeMxwOL

#JADirectives #Udemy #datascience #data #machinelearning #datavisualization #artificialintelligence #SQL #BigData #Analytics #AI #MachineLearning #Python",Jadirectivestwt,1,0
2022-12-14 00:50:36+00:00,1602828368566788096,Biden signs same-sex marriage protections into law https://t.co/Tg6M7PrcZL #3Novices #Meghashyam Thiruveedula #Data Science #Machine Learning,3novices,0,0
2022-12-14 00:50:36+00:00,1602828366964482048,New Zealand passes law to ban smoking for next generation https://t.co/N5C9bpZf8Z #3Novices #Meghashyam Thiruveedula #Data Science #Machine Learning,3novices,0,0
2022-12-13 23:55:52+00:00,1602814594103255040,Data Science is the future of work and Machine Learning is a fundamental part of this important field. This course will teach you how to apply Machine Learning to real-world problems. https://t.co/8XVdt9q9zQ #sql #database #BigData #data #datascience https://t.co/hF9ywqXLce,TheNewStat1,0,0
2022-12-13 21:30:05+00:00,1602777904940826625,"#christmas2022 | Coursera Courses for IBM Data Science Professional Certificate
 
https://t.co/2VdY9HkdRS

#courseraspecialization #ibmdatascience #python #sql #IBMAnalytics #programming #DataScience #dataengineering #artificialintelligence #javascript #MachineLearning #Data",jamilahmed_16,1,1
